Name,Price,Color,Buy Link
Noise Icon 2 Elite Edition 1.8'' Display with Metallic ...,Price not available,Noise Icon 2 Elite Edition 1.8'' Display with Metallic ...,Buy link not available
"Noise Icon 2 1.8'' Display with Bluetooth Calling, Wome...",Price not available,"Noise Icon 2 1.8'' Display with Bluetooth Calling, Wome...",Buy link not available
"Fire-Boltt Hurricane 1.3"" Curved Glass Display with 360...",Price not available,"Fire-Boltt Hurricane 1.3"" Curved Glass Display with 360...",Buy link not available
"alt Hunk, 1.96"", BT Calling, 200 Watchfaces,120 Sports ...",Price not available,"alt Hunk, 1.96"", BT Calling, 200 Watchfaces,120 Sports ...",Buy link not available
"Boult Cosmic R 1.3""HD, BT Calling, 500 Nits, 250+ Watch...",Price not available,"Boult Cosmic R 1.3""HD, BT Calling, 500 Nits, 250+ Watch...",Buy link not available
Fastrack Revoltt FS1|1.83 Display|BT Calling|Fastcharge...,Price not available,Fastrack Revoltt FS1|1.83 Display|BT Calling|Fastcharge...,Buy link not available
Noise Loop 1.85'' Display with Advanced Bluetooth Calli...,Price not available,Noise Loop 1.85'' Display with Advanced Bluetooth Calli...,Buy link not available
"Fire-Boltt Expedition GPS Inbuilt, Bluetooth Calling 1....",Price not available,"Fire-Boltt Expedition GPS Inbuilt, Bluetooth Calling 1....",Buy link not available
"alt Vibe BT Calling with 1.38 inch HD Display, my QR Co...",Price not available,"alt Vibe BT Calling with 1.38 inch HD Display, my QR Co...",Buy link not available
