Name,Price
"Nothing Phone (2a) 5G (Black, 128 GB)","₹23,999"
"REDMI 13C (Starfrost White, 128 GB)","₹7,699"
"POCO C51 - Locked with Airtel Prepaid (Power Black, 64 GB)","₹4,999"
"Motorola G34 5G (Ocean Green, 128 GB)","₹11,999"
"Motorola G34 5G (Charcoal Black, 128 GB)","₹11,999"
"Motorola G34 5G (Ice Blue, 128 GB)","₹11,999"
"MOTOROLA g24 Power (Ink blue, 128 GB)","₹7,999"
"SAMSUNG Galaxy F15 5G (Ash Black, 128 GB)","₹12,999"
"MOTOROLA g24 Power (Ink blue, 128 GB)","₹8,999"
"POCO C51 - Locked with Airtel Prepaid (Royal Blue, 64 GB)","₹4,999"
"Xiaomi 14 Ultra (White, 512 GB)","₹99,999"
"SAMSUNG Galaxy F15 5G (Groovy Violet, 128 GB)","₹12,999"
"REDMI 13C (Starshine Green, 128 GB)","₹7,699"
"MOTOROLA G04 (Satin Blue, 64 GB)","₹6,999"
"MOTOROLA g24 Power (Glacier Blue, 128 GB)","₹7,999"
"MOTOROLA G04 (Sea Green, 64 GB)","₹6,999"
"REDMI 12 5G (Jade Black, 128 GB)","₹11,999"
"SAMSUNG Galaxy F15 5G (Jazzy Green, 128 GB)","₹14,499"
"Motorola G34 5G (Ice Blue, 128 GB)","₹10,999"
"vivo T2x 5G (Glimmer Black, 128 GB)","₹12,999"
"SAMSUNG Galaxy A15 5G (Blue Black, 128 GB)","₹19,499"
"SAMSUNG Galaxy F54 5G (Stardust Silver, 256 GB)","₹22,999"
"vivo T2x 5G (Glimmer Black, 128 GB)","₹11,999"
"vivo T2x 5G (Marine Blue, 128 GB)","₹12,999"
"Motorola Edge 40 Neo (Black Beauty, 128 GB)","₹22,999"
"OnePlus Nord CE 3 Lite 5G (Chromatic Gray, 256 GB)","₹19,426"
"OnePlus Nord CE 3 Lite 5G (Pastel Lime, 256 GB)","₹19,419"
"Nokia 105 Single SIM, Keypad Mobile Phone with Wireless FM Radio","₹1,390"
"OnePlus Nord CE 3 Lite 5G (Pastel Lime, 128 GB)","₹17,449"
"vivo T2x 5G (Glimmer Black, 128 GB)","₹14,999"
"vivo T2x 5G (Black Gladiator, 128 GB)","₹14,999"
"Nokia 105 Single SIM, Keypad Mobile Phone with Wireless FM Radio","₹1,290"
"REDMI 13C (Stardust Black, 128 GB)","₹7,699"
"OnePlus Nord CE 3 Lite 5G (Chromatic Gray, 128 GB)","₹17,499"
"Motorola G34 5G (Charcoal Black, 128 GB)","₹10,999"
"REDMI 13C (Starfrost White, 128 GB)","₹7,699"
"MOTOROLA g24 Power (Glacier Blue, 128 GB)","₹8,999"
"Motorola Edge 40 Neo (Black Beauty, 256 GB)","₹24,999"
"MOTOROLA G04 (Sunrise Orange, 64 GB)","₹6,999"
"Motorola g54 5G (Pearl Blue, 128 GB)","₹14,999"
"Motorola g84 5G (Marshmallow Blue, 256 GB)","₹17,999"
"REDMI A2 (Classic Black, 64 GB)","₹5,299"
"REDMI A2 (Sea Green, 64 GB)","₹5,299"
"POCO C65 (Pastel Blue, 128 GB)","₹7,999"
"Motorola Edge 40 Neo (Caneel Bay, 256 GB)","₹24,999"
"Infinix SMART 8 (Galaxy White, 128 GB)","₹8,299"
"POCO M6 Pro 5G (Power Black, 128 GB)","₹10,999"
"MOTOROLA G04 (Concord Black, 64 GB)","₹6,999"
"POCO M6 Pro 5G (Forest Green, 128 GB)","₹10,999"
"Infinix SMART 8 (Shiny Gold, 128 GB)","₹8,299"
"REDMI 13C (Starfrost White, 128 GB)","₹7,699"
"SAMSUNG Galaxy F15 5G (Ash Black, 128 GB)","₹12,999"
"Infinix SMART 8 (Shiny Gold, 64 GB)","₹7,099"
"Infinix SMART 8 (Galaxy White, 64 GB)","₹7,099"
"Infinix SMART 8 (Rainbow Blue, 64 GB)","₹7,099"
"Motorola g84 5G (Midnight Blue, 256 GB)","₹17,999"
"Xiaomi 14 Ultra (White, 512 GB)","₹99,999"
"SAMSUNG Galaxy F15 5G (Groovy Violet, 128 GB)","₹12,999"
"POCO C65 (Matte Black, 128 GB)","₹7,999"
"POCO M6 5G (Orion Blue, 128 GB)","₹10,499"
"REDMI 12 5G (Jade Black, 128 GB)","₹11,999"
"SAMSUNG Galaxy F15 5G (Jazzy Green, 128 GB)","₹14,499"
"MOTOROLA G04 (Sea Green, 128 GB)","₹7,999"
"Infinix SMART 8 (Timber Black, 64 GB)","₹7,099"
"Infinix SMART 8 (Rainbow Blue, 128 GB)","₹8,299"
"Infinix SMART 8 (Timber Black, 128 GB)","₹8,299"
"SAMSUNG Galaxy A15 5G (Blue Black, 128 GB)","₹19,499"
"SAMSUNG Galaxy F54 5G (Stardust Silver, 256 GB)","₹22,999"
"Motorola g84 5G (Viva Magenta, 256 GB)","₹17,999"
"POCO C65 (Matte Black, 128 GB)","₹7,299"
"SAMSUNG Galaxy F14 5G (OMG Black, 128 GB)","₹10,490"
"SAMSUNG Galaxy F15 5G (Ash Black, 128 GB)","₹14,499"
"POCO M6 5G (Orion Blue, 128 GB)","₹9,299"
"Motorola e13 (Cosmic Black, 128 GB)","₹7,499"
"POCO M6 Pro 5G (Power Black, 128 GB)","₹9,999"
"Motorola g54 5G (Mint Green, 128 GB)","₹14,999"
"REDMI 13C (Starfrost White, 128 GB)","₹7,699"
"SAMSUNG Galaxy F15 5G (Ash Black, 128 GB)","₹12,999"
"Infinix HOT 40i (Starfall Green, 256 GB)","₹9,299"
"realme C53 (Champion Gold, 128 GB)","₹9,499"
"Xiaomi 14 Ultra (White, 512 GB)","₹99,999"
"SAMSUNG Galaxy F15 5G (Groovy Violet, 128 GB)","₹12,999"
"realme C53 (Champion Black, 128 GB)","₹9,499"
"REDMI 12 (Pastel Blue, 128 GB)","₹9,999"
"REDMI A2 (Aqua Blue, 64 GB)","₹5,299"
"realme C53 (Champion Gold, 64 GB)","₹10,999"
"REDMI 12 5G (Jade Black, 128 GB)","₹11,999"
"SAMSUNG Galaxy A15 5G (Blue Black, 128 GB)","₹19,499"
"Infinix HOT 40i (Horizon Gold, 256 GB)","₹9,299"
LAVA A1 Josh BOL Keypad Mobile|1000 mAh Battery|Expandable Storage 32GB,₹930
"SAMSUNG Galaxy F15 5G (Jazzy Green, 128 GB)","₹14,499"
"SAMSUNG Galaxy F54 5G (Stardust Silver, 256 GB)","₹22,999"
LAVA A1 Josh BOL Keypad Mobile|1000 mAh Battery|Expandable Storage 32GB,₹930
"realme C53 (Champion Black, 64 GB)","₹10,999"
"MOTOROLA G04 (Satin Blue, 128 GB)","₹7,999"
"POCO C65 (Pastel Green, 128 GB)","₹7,299"
"REDMI 13C (Starfrost White, 128 GB)","₹7,699"
"SAMSUNG Galaxy F15 5G (Ash Black, 128 GB)","₹12,999"
"POCO M6 5G (Galactic Black, 128 GB)","₹9,299"
"Infinix HOT 40i (Palm Blue, 256 GB)","₹9,299"
"Xiaomi 14 Ultra (White, 512 GB)","₹99,999"
"SAMSUNG Galaxy F15 5G (Groovy Violet, 128 GB)","₹12,999"
"POCO C65 (Pastel Blue, 256 GB)","₹8,999"
"Infinix SMART 8 HD (Galaxy White, 64 GB)","₹6,499"
"Infinix SMART 8 HD (Crystal Green, 64 GB)","₹6,499"
"Infinix SMART 8 HD (Shiny Gold, 64 GB)","₹6,499"
"REDMI 12 5G (Jade Black, 128 GB)","₹11,999"
"SAMSUNG Galaxy A15 5G (Blue Black, 128 GB)","₹19,499"
"Nokia 130 Music Dual Sim, Music Player, Wireless FM Radio and Dedicated Music Buttons","₹1,854"
"Nokia 130 Music Dual Sim, Music Player, Wireless FM Radio and Dedicated Music Buttons","₹1,984"
"SAMSUNG Galaxy F15 5G (Jazzy Green, 128 GB)","₹14,499"
"SAMSUNG Galaxy F54 5G (Stardust Silver, 256 GB)","₹22,999"
Micromax J3,₹842
"realme Narzo 60X 5G (Stellar Green, 128 GB)","₹12,155"
"Infinix SMART 8 HD (Timber Black, 64 GB)","₹6,499"
"realme Narzo 60X 5G (Nebula Purple, 128 GB)","₹12,539"
"SAMSUNG Galaxy F14 5G (OMG Black, 128 GB)","₹10,490"
"SAMSUNG Galaxy F15 5G (Ash Black, 128 GB)","₹14,499"
"Motorola g54 5G (Midnight Blue, 256 GB)","₹16,999"
"Nokia 130 Music Dual Sim, Music Player, Wireless FM Radio and Dedicated Music Buttons","₹1,950"
"REDMI 13C (Starfrost White, 128 GB)","₹7,699"
"SAMSUNG Galaxy F15 5G (Ash Black, 128 GB)","₹12,999"
"Motorola G32 (Satin Maroon, 128 GB)","₹9,999"
"realme Narzo 60X 5G (Nebula Purple, 128 GB)","₹12,539"
"vivo T3 5G (Crystal Flake, 256 GB)","₹21,999"
"realme C53 (Champion Gold, 128 GB)","₹8,999"
"Xiaomi 14 Ultra (White, 512 GB)","₹99,999"
"SAMSUNG Galaxy F15 5G (Groovy Violet, 128 GB)","₹12,999"
"vivo T3 5G (Cosmic Blue, 128 GB)","₹19,999"
"REDMI 12 5G (Moonstone Silver, 256 GB)","₹14,999"
"REDMI 12 5G (Jade Black, 128 GB)","₹11,999"
"SAMSUNG Galaxy A15 5G (Blue Black, 128 GB)","₹19,499"
"MOTOROLA G04 (Sunrise Orange, 128 GB)","₹7,999"
"Motorola Edge 40 Neo (Caneel Bay, 128 GB)","₹22,999"
"REDMI 12 5G (Jade Black, 256 GB)","₹14,999"
"Infinix Note 30 5G (Magic Black, 128 GB)","₹14,499"
"SAMSUNG Galaxy F15 5G (Jazzy Green, 128 GB)","₹14,499"
"SAMSUNG Galaxy F54 5G (Stardust Silver, 256 GB)","₹22,999"
"realme Narzo 60X 5G (Nebula Purple, 128 GB)","₹11,749"
"realme 12 5G (Twilight Purple, 128 GB)","₹17,999"
"SAMSUNG Galaxy F14 5G (OMG Black, 128 GB)","₹10,490"
"SAMSUNG Galaxy F15 5G (Ash Black, 128 GB)","₹14,499"
"realme 12 5G (Woodland Green, 128 GB)","₹16,999"
"realme 12 5G (Twilight Purple, 128 GB)","₹16,999"
"SAMSUNG Galaxy F15 5G (Ash Black, 128 GB)","₹14,499"
"Infinix Note 30 5G (Magic Black, 256 GB)","₹15,499"
"REDMI 13C (Starfrost White, 128 GB)","₹7,699"
"SAMSUNG Galaxy F15 5G (Ash Black, 128 GB)","₹12,999"
"Infinix Note 30 5G (Sunset Gold, 256 GB)","₹15,499"
"Infinix Note 30 5G (Interstellar Blue, 256 GB)","₹15,499"
"Xiaomi 14 Ultra (White, 512 GB)","₹99,999"
"SAMSUNG Galaxy F15 5G (Groovy Violet, 128 GB)","₹12,999"
"realme 12+ 5G (Pioneer Green, 256 GB)","₹21,999"
"SAMSUNG Galaxy M14 5G (Icy Silver, 128 GB)","₹12,969"
"realme 12+ 5G (Pioneer Green, 128 GB)","₹19,999"
"POCO C65 (Pastel Green, 256 GB)","₹8,999"
"REDMI 12 5G (Jade Black, 128 GB)","₹11,999"
"SAMSUNG Galaxy A15 5G (Blue Black, 128 GB)","₹19,499"
"realme 12 5G (Woodland Green, 128 GB)","₹17,999"
itel Ace2 Keypad Mobile| 1000 mAh Battery|Expandable Storage 32GB,₹849
"SAMSUNG Galaxy F15 5G (Jazzy Green, 128 GB)","₹14,499"
"SAMSUNG Galaxy F54 5G (Stardust Silver, 256 GB)","₹22,999"
Kechaoda K112,"₹1,575"
"POCO M6 5G - Locked with Airtel Prepaid (Polaris Green, 128 GB)","₹8,599"
"Motorola G32 (Satin Silver, 128 GB)","₹9,999"
"realme Narzo N53 (Feather Black, 128 GB)","₹10,990"
"SAMSUNG Galaxy F14 5G (OMG Black, 128 GB)","₹10,490"
"SAMSUNG Galaxy S23 Ultra 5G (Green, 256 GB)","₹92,999"
"SAMSUNG Galaxy F15 5G (Jazzy Green, 128 GB)","₹14,499"
"SAMSUNG Galaxy M14 5G (Berry Blue, 128 GB)","₹12,231"
"REDMI 13C (Starfrost White, 128 GB)","₹7,699"
"SAMSUNG Galaxy F15 5G (Ash Black, 128 GB)","₹12,999"
"realme Narzo N53 (Feather Gold, 128 GB)","₹9,467"
"SAMSUNG Galaxy M14 5G (ICY Silver, 128 GB)","₹11,685"
"SAMSUNG Galaxy M14 5G (Smoky Teal, 128 GB)","₹12,685"
"Infinix HOT 30 5G (Knight Black, 128 GB)","₹11,999"
"Xiaomi 14 Ultra (White, 512 GB)","₹99,999"
"SAMSUNG Galaxy F15 5G (Groovy Violet, 128 GB)","₹12,999"
"Motorola g14 (Steel Gray, 128 GB)","₹8,499"
Jio V2 Keypad Phone (UPI) Locked,"₹1,075"
"REDMI 12 5G (Jade Black, 128 GB)","₹11,999"
"SAMSUNG Galaxy A15 5G (Blue Black, 128 GB)","₹19,499"
"SAMSUNG Galaxy M14 5G (Berry Blue, 128 GB)","₹11,375"
"POCO M6 5G - Locked with Airtel Prepaid (Orion Blue, 128 GB)","₹8,599"
SAMSUNG Guru FM Plus SM-B110E/D,"₹1,599"
"realme C51 (Mint Green, 128 GB)","₹9,499"
"SAMSUNG Galaxy F54 5G (Stardust Silver, 256 GB)","₹22,999"
"SAMSUNG Galaxy F14 5G (OMG Black, 128 GB)","₹10,490"
"realme C51 (Carbon Black, 128 GB)","₹9,499"
"Motorola g14 (Sky Blue, 128 GB)","₹8,499"
"SAMSUNG Galaxy F15 5G (Ash Black, 128 GB)","₹14,499"
"SAMSUNG Galaxy S23 Ultra 5G (Green, 256 GB)","₹92,999"
"Nothing Phone (2a) 5G (White, 256 GB)","₹25,999"
"Nothing Phone (2a) 5G (Black, 128 GB)","₹23,999"
"REDMI 13C (Starfrost White, 128 GB)","₹8,699"
"REDMI Note 12 (Lunar Black, 64 GB)","₹10,499"
"REDMI 13C (Starfrost White, 128 GB)","₹7,699"
"SAMSUNG Galaxy F15 5G (Ash Black, 128 GB)","₹12,999"
"POCO X6 Pro 5G (Racing Grey, 256 GB)","₹25,499"
"Motorola Edge 40 Neo (Peach Fuzz, 256 GB)","₹24,999"
"Xiaomi 14 Ultra (White, 512 GB)","₹99,999"
"SAMSUNG Galaxy F15 5G (Groovy Violet, 128 GB)","₹12,999"
"POCO M6 Pro 5G (Forest Green, 256 GB)","₹12,499"
"POCO X6 5G (Snowstorm White, 256 GB)","₹19,999"
"POCO M6 Pro 5G (Power Black, 256 GB)","₹12,499"
"REDMI 13c 5G (Startrail Silver, 256 GB)","₹13,662"
"REDMI 12 5G (Jade Black, 128 GB)","₹11,999"
"SAMSUNG Galaxy F15 5G (Jazzy Green, 128 GB)","₹14,499"
"realme Narzo N55 (Prime Blue, 64 GB)","₹9,990"
"realme C55 (Rainforest, 128 GB)","₹13,999"
"SAMSUNG Galaxy A15 5G (Blue Black, 128 GB)","₹19,499"
"SAMSUNG Galaxy F54 5G (Stardust Silver, 256 GB)","₹22,999"
"realme Narzo N55 (Prime Blue, 128 GB)","₹9,849"
"realme 12 Pro 5G (Navigator Beige, 128 GB)","₹24,999"
"realme Narzo 60 5G (Mars Orange, 128 GB)","₹15,368"
"realme Narzo 60 5G (Cosmic Black, 128 GB)","₹15,430"
"REDMI 13C (Starfrost White, 128 GB)","₹7,699"
"SAMSUNG Galaxy F15 5G (Ash Black, 128 GB)","₹12,999"
"realme 12 Pro 5G (Submarine Blue, 128 GB)","₹24,999"
"realme C55 (Rainy Night, 64 GB)","₹8,999"
"Xiaomi 14 Ultra (White, 512 GB)","₹99,999"
"SAMSUNG Galaxy F15 5G (Groovy Violet, 128 GB)","₹12,999"
"realme C55 (Sunshower, 64 GB)","₹8,999"
"realme C55 (Rainforest, 64 GB)","₹8,999"
"Nokia 105 Single SIM, Keypad Mobile Phone with Wireless FM Radio","₹1,329"
"REDMI 13c 5G (Starlight Black, 128 GB)","₹11,586"
"REDMI 12 5G (Jade Black, 128 GB)","₹11,999"
"SAMSUNG Galaxy F15 5G (Jazzy Green, 128 GB)","₹14,499"
"REDMI 13c 5G (Startrail Green, 128 GB)","₹11,780"
Jio B1,"₹1,480"
"SAMSUNG Galaxy A15 5G (Blue Black, 128 GB)","₹19,499"
"SAMSUNG Galaxy F54 5G (Stardust Silver, 256 GB)","₹22,999"
"Infinix HOT 30 5G (Miami Orange, 128 GB)","₹11,999"
Kechaoda A27,₹970
"REDMI 12 (Moonstone Silver, 128 GB)","₹9,499"
"POCO M6 5G (Galactic Black, 256 GB)","₹11,999"
"SAMSUNG Galaxy F14 5G (OMG Black, 128 GB)","₹10,490"
"SAMSUNG Galaxy F15 5G (Ash Black, 128 GB)","₹14,499"
"REDMI 13c 5G (Startrail Silver, 128 GB)","₹10,466"
"Infinix Note 30 5G (Interstellar Blue, 128 GB)","₹14,499"
"REDMI 13C (Starfrost White, 128 GB)","₹7,699"
"SAMSUNG Galaxy F15 5G (Ash Black, 128 GB)","₹12,999"
"Infinix HOT 30 5G (Aurora Blue, 128 GB)","₹11,999"
"OnePlus 11R 5G (Galactic Silver, 256 GB)","₹35,829"
"OnePlus 11R 5G (Sonic Black, 128 GB)","₹33,449"
"realme 12 Pro+ 5G (Navigator Beige, 128 GB)","₹29,999"
"Xiaomi 14 Ultra (White, 512 GB)","₹99,999"
"SAMSUNG Galaxy F15 5G (Groovy Violet, 128 GB)","₹12,999"
"OnePlus 11R 5G (Galactic Silver, 128 GB)","₹33,616"
"realme 12 Pro 5G (Navigator Beige, 256 GB)","₹26,999"
"REDMI 12 5G (Jade Black, 128 GB)","₹11,999"
"SAMSUNG Galaxy A15 5G (Blue Black, 128 GB)","₹19,499"
"realme 12 Pro 5G (Submarine Blue, 256 GB)","₹26,999"
LAVA Gem Power Dual Sim Keypad Phone|2575 mAh Battery| Expandable Upto 32 MB,"₹1,547"
"OnePlus 11R 5G (Sonic Black, 256 GB)","₹35,897"
Micromax X513+,₹999
"SAMSUNG Galaxy F15 5G (Jazzy Green, 128 GB)","₹14,499"
"SAMSUNG Galaxy F54 5G (Stardust Silver, 256 GB)","₹22,999"
"OnePlus 11R 5G (Red, 128 GB)","₹39,999"
"Nokia 5310 DS Keypad Mobile, FM Radio,Camera with Flash (8MB RAM)","₹3,547"
"SAMSUNG Galaxy F14 5G (OMG Black, 128 GB)","₹10,490"
"SAMSUNG Galaxy F15 5G (Ash Black, 128 GB)","₹14,499"
"Apple iPhone 15 (Green, 128 GB)","₹65,999"
"realme 12 Pro+ 5G (Explorer Red, 128 GB)","₹29,999"
"OnePlus 11R 5G (Sonic Black, 256 GB)","₹35,897"
"Apple iPhone 15 (Pink, 128 GB)","₹65,999"
"REDMI 13C (Starfrost White, 128 GB)","₹7,699"
"SAMSUNG Galaxy F15 5G (Ash Black, 128 GB)","₹12,999"
Micromax X513+,₹995
"realme 12 Pro+ 5G (Navigator Beige, 128 GB)","₹29,999"
"Xiaomi 14 Ultra (White, 512 GB)","₹99,999"
"SAMSUNG Galaxy F15 5G (Groovy Violet, 128 GB)","₹12,999"
"OnePlus 11R 5G (Red, 128 GB)","₹39,999"
"Motorola e13 (Little Boy Blue, 128 GB)","₹7,499"
"Apple iPhone 15 (Blue, 128 GB)","₹65,999"
"realme 12 Pro+ 5G (Explorer Red, 128 GB)","₹29,999"
"REDMI 12 5G (Jade Black, 128 GB)","₹11,999"
"SAMSUNG Galaxy A15 5G (Blue Black, 128 GB)","₹19,499"
"Nokia 5310 DS Keypad Mobile, FM Radio,Camera with Flash (8MB RAM)","₹3,547"
"REDMI A3 (Midnight Black, 64 GB)","₹6,999"
"SAMSUNG Galaxy F15 5G (Jazzy Green, 128 GB)","₹14,499"
"SAMSUNG Galaxy F54 5G (Stardust Silver, 256 GB)","₹22,999"
"Apple iPhone 15 (Black, 128 GB)","₹65,999"
"Motorola e13 (Aurora Green, 128 GB)","₹7,499"
"OnePlus Nord 3 5G (Misty Green, 256 GB)","₹29,999"
"Infinix HOT 30 5G (Knight Black, 128 GB)","₹12,999"
"SAMSUNG Galaxy F14 5G (OMG Black, 128 GB)","₹10,490"
"SAMSUNG Galaxy F15 5G (Ash Black, 128 GB)","₹14,499"
Motorola A10g,"₹1,139"
Nokia TA-1304/105 SS,"₹1,205"
"REDMI 13C (Starfrost White, 128 GB)","₹7,699"
"SAMSUNG Galaxy F15 5G (Ash Black, 128 GB)","₹12,999"
LAVA Hero 600i Sapphire Blue,₹898
"POCO X6 Neo 5G (Astral Black, 256 GB)","₹17,999"
"OnePlus 11R 5G (Solar Red, 512 GB)","₹45,997"
itel it5330 | 2.8 inch Big Display | 1900 mAh Battery | Kingvoice,"₹1,499"
"Xiaomi 14 Ultra (White, 512 GB)","₹99,999"
"SAMSUNG Galaxy F15 5G (Groovy Violet, 128 GB)","₹12,999"
"POCO X6 Neo 5G (Astral Black, 128 GB)","₹15,999"
"Apple iPhone 13 (Pink, 128 GB)","₹52,999"
"REDMI 12 5G (Jade Black, 128 GB)","₹11,999"
"SAMSUNG Galaxy A15 5G (Blue Black, 128 GB)","₹19,499"
itel it5330 | 2.8 inch Big Display | 1900 mAh Battery | Kingvoice,"₹1,499"
"OnePlus Nord 3 5G (Tempest Gray, 128 GB)","₹23,872"
Motorola A10g,"₹1,249"
"REDMI 12 5G (Moonstone Silver, 128 GB)","₹12,485"
"SAMSUNG Galaxy F15 5G (Jazzy Green, 128 GB)","₹14,499"
"SAMSUNG Galaxy F54 5G (Stardust Silver, 256 GB)","₹22,999"
"itel A70 | 5000 mAh Battery |13MP Dual Rear Camera | Type C Charging (Brilliant Gold, 64 GB)","₹6,145"
"itel A70 | 5000 mAh Battery |13MP Dual Rear Camera | Type C Charging (Field Green, 64 GB)","₹6,295"
"SAMSUNG Galaxy F14 5G (OMG Black, 128 GB)","₹10,490"
"SAMSUNG Galaxy F15 5G (Ash Black, 128 GB)","₹14,499"
"Nokia 110 Dual Sim, Keypad Mobile with Wireless FM Radio, Bluetooth and Rear Camera","₹1,699"
"realme 12 Pro+ 5G (Explorer Red, 256 GB)","₹31,999"
"Nokia 5310 DS Keypad Mobile, FM Radio,Camera with Flash (8 MB RAM)","₹3,499"
Nokia 105 SS 2023,"₹1,269"
"REDMI 13C (Starfrost White, 128 GB)","₹7,699"
"SAMSUNG Galaxy F15 5G (Ash Black, 128 GB)","₹12,999"
Kechaoda A26,₹940
Kechaoda A26,₹934
"Xiaomi 14 Ultra (White, 512 GB)","₹99,999"
"SAMSUNG Galaxy F15 5G (Groovy Violet, 128 GB)","₹12,999"
"Nokia 105 Single SIM, Keypad Mobile Phone with Wireless FM Radio","₹1,288"
"REDMI 13c 5G (Startrail Green, 256 GB)","₹13,536"
"REDMI 12 (Jade Black, 128 GB)","₹9,999"
SAMSUNG GT-E1215,"₹1,259"
"REDMI 12 5G (Jade Black, 128 GB)","₹11,999"
"SAMSUNG Galaxy A15 5G (Blue Black, 128 GB)","₹19,499"
"IQOO Z6 Lite 5G (With Charger) (Mystic Night, 128 GB)","₹13,990"
"REDMI Note 13 5G (Prism Gold, 256 GB)","₹19,392"
"SAMSUNG Galaxy F15 5G (Jazzy Green, 128 GB)","₹14,499"
"SAMSUNG Galaxy F54 5G (Stardust Silver, 256 GB)","₹22,999"
"realme 12x 5G (Twilight Purple, 128 GB)","₹11,999"
"itel A70 (Brilliant Gold, 256 GB)","₹7,399"
"POCO M6 5G (Polaris Green, 256 GB)","₹11,999"
"Apple iPhone 14 (Starlight, 128 GB)","₹58,999"
"REDMI 13C (Starfrost White, 128 GB)","₹7,699"
"SAMSUNG Galaxy F15 5G (Ash Black, 128 GB)","₹12,999"
"Nokia 110 Dual Sim, Keypad Mobile with Wireless FM Radio, Bluetooth and Rear Camera","₹1,649"
"REDMI 10 Power (Power Black, 128 GB)","₹9,980"
"Xiaomi 14 Ultra (White, 512 GB)","₹99,999"
"SAMSUNG Galaxy F15 5G (Groovy Violet, 128 GB)","₹12,999"
"Tecno Spark Go 2024 (Mystery White, 128 GB)","₹7,399"
"Tecno Spark Go 2024 (Magic Skin Green, 128 GB)","₹7,399"
"realme Narzo 70 Pro 5G (Glass Gold, 256 GB)","₹20,042"
"realme 12x 5G (Woodland Green, 128 GB)","₹14,999"
"REDMI 12 5G (Jade Black, 128 GB)","₹11,999"
"SAMSUNG Galaxy A15 5G (Blue Black, 128 GB)","₹19,499"
itel Ace2 Keypad Mobile| 1000 mAh Battery|Expandable Storage 32GB,₹800
"Tecno Spark Go 2024 (Gravity Black, 128 GB)","₹7,399"
"SAMSUNG Galaxy F15 5G (Jazzy Green, 128 GB)","₹14,499"
"SAMSUNG Galaxy F54 5G (Stardust Silver, 256 GB)","₹22,999"
"IQOO Z7s 5G (Norway Blue, 128 GB)","₹15,900"
Nokia 105 Classic with Charger,"₹1,099"
"IQOO Z7S 5G (Norway Blue, 128 GB)","₹17,800"
"SAMSUNG Galaxy F14 5G (GOAT Green, 128 GB)","₹10,490"
"SAMSUNG Galaxy F14 5G (OMG Black, 128 GB)","₹10,490"
"SAMSUNG Galaxy F15 5G (Ash Black, 128 GB)","₹14,499"
"IQOO Z7s 5G (?Pacific Night, 128 GB)","₹16,400"
"REDMI Note 13 5G (Prism Gold, 128 GB)","₹16,934"
"REDMI 13C (Starfrost White, 128 GB)","₹7,699"
"SAMSUNG Galaxy F15 5G (Ash Black, 128 GB)","₹12,999"
"SAMSUNG Galaxy F14 5G (GOAT Green, 128 GB)","₹10,490"
Nokia 105 Classic with Charger,"₹1,099"
itel Ace2 Keypad Mobile| 1000 mAh Battery|Expandable Storage 32GB,₹800
"REDMI Note 13 5G (Prism Gold, 128 GB)","₹16,934"
"Xiaomi 14 Ultra (White, 512 GB)","₹99,999"
"SAMSUNG Galaxy F15 5G (Groovy Violet, 128 GB)","₹12,999"
"itel S23 (Mystery White, 128 GB)","₹7,398"
"REDMI A2 (Classic Black, 64 GB)","₹7,499"
"REDMI 12 5G (Jade Black, 128 GB)","₹11,999"
"SAMSUNG Galaxy A15 5G (Blue Black, 128 GB)","₹19,499"
"Tecno Spark Go 2024 (Mystery White, 64 GB)","₹7,199"
"IQOO Z7s 5G (Norway Blue, 128 GB)","₹15,900"
"Tecno Spark Go 2024 (Gravity Black, 64 GB)","₹7,199"
"IQOO Z7S 5G (Norway Blue, 128 GB)","₹17,800"
"SAMSUNG Galaxy F15 5G (Jazzy Green, 128 GB)","₹14,499"
"SAMSUNG Galaxy F54 5G (Stardust Silver, 256 GB)","₹22,999"
"itel P40 Plus (Icy Cyan, 128 GB)","₹6,895"
"IQOO Z7s 5G (?Pacific Night, 128 GB)","₹16,400"
"SAMSUNG Galaxy F14 5G (OMG Black, 128 GB)","₹10,490"
"SAMSUNG Galaxy F15 5G (Ash Black, 128 GB)","₹14,499"
"Tecno Spark Go 2024 (Mystery White, 64 GB)","₹6,899"
"realme 12x 5G (Woodland Green, 128 GB)","₹14,999"
"realme 12x 5G (Twilight Purple, 128 GB)","₹14,999"
"I Kall King Talking, Contact icon and Auto Call Recording",₹787
"REDMI 13C (Starfrost White, 128 GB)","₹7,699"
"SAMSUNG Galaxy F15 5G (Ash Black, 128 GB)","₹12,999"
"POCO X6 5G (Snowstorm White, 512 GB)","₹22,999"
"REDMI Note 13 5G (Prism Gold, 256 GB)","₹99,999"
"Xiaomi 14 Ultra (White, 512 GB)","₹12,999"
"SAMSUNG Galaxy F15 5G (Groovy Violet, 128 GB)","₹6,999"
"POCO C61 (Diamond Dust Black, 64 GB)","₹1,555"
Micromax X818,"₹21,090"
"REDMI Note 13 5G (Arctic White, 256 GB)","₹6,899"
"Tecno Spark Go 2024 (Gravity Black, 64 GB)","₹11,999"
"REDMI 12 5G (Jade Black, 128 GB)","₹19,499"
"SAMSUNG Galaxy A15 5G (Blue Black, 128 GB)","₹1,694"
LAVA Gem Power Dual Sim Keypad Phone|2575 mAh Battery| Expandable Upto 32 MB,"₹21,158"
"REDMI Note 13 5G (Stealth Black, 256 GB)","₹14,499"
"SAMSUNG Galaxy F15 5G (Jazzy Green, 128 GB)","₹22,999"
"SAMSUNG Galaxy F54 5G (Stardust Silver, 256 GB)","₹18,843"
"realme Narzo 70 Pro 5G (Glass Gold, 128 GB)","₹6,489"
"itel A70 | 5000 mAh Battery |13MP Dual Rear Camera | Type C Charging (Starlish Black, 64 GB)","₹10,999"
"REDMI 13C (Starshine Green, 256 GB)","₹11,225"
"REDMI Note 11 (Horizon Blue, 128 GB)","₹10,490"
"SAMSUNG Galaxy F14 5G (OMG Black, 128 GB)","₹14,499"
"SAMSUNG Galaxy M14 5G (Berry Blue, 128 GB)","₹12,995"
KARBONN Jumbo K9,"₹1,314"
"REDMI 13C (Starfrost White, 128 GB)","₹7,699"
"SAMSUNG Galaxy F15 5G (Ash Black, 128 GB)","₹12,999"
"Motorola Edge 40 (Viva Magenta, 256 GB)","₹26,999"
"SAMSUNG Galaxy M14 5G (ICY Silver, 128 GB)","₹11,380"
"POCO X6 5G (Mirror Black, 512 GB)","₹22,999"
"POCO X6 Pro 5G (Yellow, 256 GB)","₹25,499"
"Xiaomi 14 Ultra (White, 512 GB)","₹99,999"
"SAMSUNG Galaxy F15 5G (Groovy Violet, 128 GB)","₹12,999"
"REDMI A3 (Midnight Black, 128 GB)","₹8,937"
"Motorola e13 (Creamy White, 128 GB)","₹7,499"
"REDMI 12 5G (Jade Black, 128 GB)","₹11,999"
"SAMSUNG Galaxy A15 5G (Blue Black, 128 GB)","₹19,499"
Nokia 105 ss,"₹1,199"
"OPPO A38 (Glowing Black, 128 GB)","₹9,999"
"SAMSUNG Galaxy F14 5G (B.A.E. Purple, 128 GB)","₹10,490"
LAVA A7 Torch Dual Sim Keypad Phone|2574 mAh Battery|Expandable Upto 32 GB,"₹1,397"
"SAMSUNG Galaxy F15 5G (Jazzy Green, 128 GB)","₹14,499"
"SAMSUNG Galaxy F54 5G (Stardust Silver, 256 GB)","₹22,999"
HOTLINE H312,₹570
"Nothing Phone (2) (Dark Grey, 512 GB)","₹41,999"
"SAMSUNG Galaxy F14 5G (OMG Black, 128 GB)","₹10,490"
"SAMSUNG Galaxy F15 5G (Ash Black, 128 GB)","₹14,499"
"REDMI Note 13 Pro 5G (Midnight Black, 256 GB)","₹29,999"
Micromax X512,₹899
Kechaoda K112,"₹1,499"
"Nokia 2660 Flip 4G Volte Red keypad Mobile with Dual Sim & Screen, MP3 Player","₹4,699"
"REDMI 13C (Starfrost White, 128 GB)","₹7,699"
"SAMSUNG Galaxy F15 5G (Ash Black, 128 GB)","₹12,999"
Micromax X512,₹899
"REDMI Note 13 5G (Stealth Black, 256 GB)","₹19,999"
"Xiaomi 14 Ultra (White, 512 GB)","₹99,999"
"SAMSUNG Galaxy F15 5G (Groovy Violet, 128 GB)","₹12,999"
"SAMSUNG Galaxy F34 5G (Electric Black, 128 GB)","₹14,999"
"REDMI Note 13 5G (Stealth Black, 128 GB)","₹17,999"
Nokia 130M DS 2023,"₹1,864"
Kechaoda K55 Pro,"₹1,125"
"REDMI 12 5G (Jade Black, 128 GB)","₹11,999"
"SAMSUNG Galaxy A15 5G (Blue Black, 128 GB)","₹19,499"
"SAMSUNG Galaxy F34 5G (Orchid Violet, 128 GB)","₹14,999"
"REDMI Note 13 5G (Arctic White, 128 GB)","₹17,999"
"SAMSUNG Galaxy F15 5G (Jazzy Green, 128 GB)","₹14,499"
"SAMSUNG Galaxy F54 5G (Stardust Silver, 256 GB)","₹22,999"
"LAVA Hero Glow DS Keypad Mobile, FM Radio, Call Recording,Expandable Upto 32 GB",₹848
HOTLINE H312,₹570
"REDMI A3 (Olive Green, 128 GB)","₹8,185"
HOTLINE H312,₹570
"REDMI 13C (Starfrost White, 128 GB)","₹7,699"
"SAMSUNG Galaxy F15 5G (Ash Black, 128 GB)","₹12,999"
"SAMSUNG Galaxy F34 5G (Electric Black, 128 GB)","₹14,999"
"LAVA Hero Glow DS Keypad Mobile, FM Radio, Call Recording,Expandable Upto 32 GB",₹848
"Xiaomi 14 Ultra (White, 512 GB)","₹99,999"
"SAMSUNG Galaxy F15 5G (Groovy Violet, 128 GB)","₹12,999"
"Apple iPhone 13 (Midnight, 128 GB)","₹52,999"
"Nokia 2660 Flip 4G Volte Red keypad Mobile with Dual Sim & Screen, MP3 Player","₹4,698"
"REDMI 12 5G (Pastel Blue, 256 GB)","₹14,999"
"Nokia C32 (Breezy Mint, 128 GB)","₹7,499"
"REDMI 12 5G (Jade Black, 128 GB)","₹11,999"
"SAMSUNG Galaxy A15 5G (Blue Black, 128 GB)","₹19,499"
"IQOO Z9 (Brushed Green, 128 GB)","₹23,740"
LAVA A1 josh Bol,"₹1,055"
"SAMSUNG Galaxy F15 5G (Jazzy Green, 128 GB)","₹14,499"
"SAMSUNG Galaxy F54 5G (Stardust Silver, 256 GB)","₹22,999"
"itel it2163s 4.5cm,1200mAh,BT Caller,12+1 Month Warranty with 111 Days Replacement",₹922
"REDMI Note 13 5G (Stealth Black, 256 GB)","₹19,999"
"REDMI Note 13 Pro 5G (Midnight Black, 256 GB)","₹27,999"
"SAMSUNG Galaxy F14 5G (B.A.E. Purple, 128 GB)","₹9,490"
"SAMSUNG Galaxy F14 5G (OMG Black, 128 GB)","₹10,490"
"SAMSUNG Galaxy F15 5G (Ash Black, 128 GB)","₹14,499"
Micromax S213,"₹1,252"
Nokia 106,"₹1,399"
"REDMI 13C (Starfrost White, 128 GB)","₹7,699"
"SAMSUNG Galaxy F15 5G (Ash Black, 128 GB)","₹12,999"
"SAMSUNG Galaxy F14 5G (OMG Black, 128 GB)","₹9,490"
Jio B1 Keypad Phone (UPI) Locked Blue,"₹1,539"
"Nokia C32 (Beach Pink, 128 GB)","₹8,175"
"REDMI A2 (Aqua Blue, 64 GB)","₹7,390"
"Xiaomi 14 Ultra (White, 512 GB)","₹99,999"
"SAMSUNG Galaxy F15 5G (Groovy Violet, 128 GB)","₹12,999"
"REDMI Note 13 Pro 5G (Coral Purple, 256 GB)","₹29,999"
"REDMI 10 Power (Sporty Orange, 128 GB)","₹14,990"
"REDMI 12 5G (Jade Black, 128 GB)","₹11,999"
"SAMSUNG Galaxy A15 5G (Blue Black, 128 GB)","₹19,499"
"Nothing Phone (2) (White, 512 GB)","₹40,999"
"SAMSUNG Galaxy M04 (Dark Blue, 64 GB)","₹7,999"
"Apple iPhone 13 (Green, 128 GB)","₹52,999"
"vivo T2 5G (Velocity Wave, 128 GB)","₹15,999"
"SAMSUNG Galaxy F15 5G (Jazzy Green, 128 GB)","₹14,499"
"SAMSUNG Galaxy F54 5G (Stardust Silver, 256 GB)","₹22,999"
Micromax S213,"₹1,252"
"REDMI 12 5G (Pastel Blue, 256 GB)","₹14,999"
"SAMSUNG Galaxy F14 5G (OMG Black, 128 GB)","₹10,490"
"SAMSUNG Galaxy F15 5G (Ash Black, 128 GB)","₹14,499"
"OnePlus 12R (Iron Grey, 256 GB)","₹44,169"
"OnePlus 12R (Cool Blue, 256 GB)","₹43,966"
itel Circle 1,"₹1,493"
"Nokia C32 (Breezy Mint, 64 GB)","₹7,499"
"REDMI 13C (Starfrost White, 128 GB)","₹7,699"
"SAMSUNG Galaxy F15 5G (Ash Black, 128 GB)","₹12,999"
"OnePlus 12R (Cool Blue, 256 GB)","₹43,966"
"vivo T2 5G (Nitro Blaze, 128 GB)","₹17,999"
"Xiaomi 14 Ultra (White, 512 GB)","₹99,999"
"SAMSUNG Galaxy F15 5G (Groovy Violet, 128 GB)","₹12,999"
"Nokia C32 (Beach Pink, 64 GB)","₹7,499"
itel MagicX Play 4G| 1900 mAh battery| Expandable Storage upto 64GB,"₹1,369"
Micromax J2,₹865
"vivo V30 Pro 5G (Classic Black, 256 GB)","₹41,999"
"REDMI 12 5G (Jade Black, 128 GB)","₹11,999"
"SAMSUNG Galaxy A15 5G (Blue Black, 128 GB)","₹19,499"
"vivo V30 Pro 5G (Andaman Blue, 256 GB)","₹41,999"
"REDMI 10 Power (Sporty Orange, 128 GB)","₹14,990"
"SAMSUNG Galaxy F15 5G (Jazzy Green, 128 GB)","₹14,499"
"SAMSUNG Galaxy F54 5G (Stardust Silver, 256 GB)","₹22,999"
"vivo V30 Pro 5G (Classic Black, 512 GB)","₹46,999"
"vivo V30 Pro 5G (Andaman Blue, 512 GB)","₹46,999"
"vivo Y16 (Drizzling Gold, 64 GB)","₹9,049"
"SAMSUNG Galaxy F34 5G (Orchid Violet, 128 GB)","₹16,999"
"SAMSUNG Galaxy F14 5G (OMG Black, 128 GB)","₹10,490"
"SAMSUNG Galaxy F15 5G (Ash Black, 128 GB)","₹14,499"
"REDMI A3 (Olive Green, 64 GB)","₹7,002"
"Honor 90 5G (Diamond Silver, 256 GB)","₹26,379"
"REDMI 13C (Starfrost White, 128 GB)","₹7,699"
"SAMSUNG Galaxy F15 5G (Ash Black, 128 GB)","₹12,999"
"POCO X6 Pro 5G (Spectre Black, 256 GB)","₹25,499"
"Google Pixel 7a (Snow, 128 GB)","₹37,999"
"Nokia 3310 Dual SIM Keypad Mobile with MP3 Player,FM Radio & Rear Camera","₹3,848"
Kechaoda K115,"₹1,060"
"Xiaomi 14 Ultra (White, 512 GB)","₹99,999"
"SAMSUNG Galaxy F15 5G (Groovy Violet, 128 GB)","₹12,999"
SAMSUNG Metro 313 Dual Sim,"₹1,799"
itel Power110Neo|2500 mAh battery| Expandable Storage Upto 32GB,"₹1,199"
"REDMI 12 5G (Jade Black, 128 GB)","₹11,999"
"SAMSUNG Galaxy A15 5G (Blue Black, 128 GB)","₹19,499"
KARBONN k9 jumbo,"₹1,375"
"itel it2163s 4.5cm,1200mAh,BT Caller,12+1 Month Warranty with 111 Days Replacement",₹927
"REDMI Note 13 Pro 5G (Coral Purple, 256 GB)","₹27,999"
itel MagicX Play 4G| 1900 mAh battery| Expandable Storage upto 64GB,"₹1,369"
"SAMSUNG Galaxy F15 5G (Jazzy Green, 128 GB)","₹14,499"
"SAMSUNG Galaxy F54 5G (Stardust Silver, 256 GB)","₹22,999"
"vivo Y16 (Steller Black, 64 GB)","₹10,999"
"itel P55 (Aurora Blue, 128 GB)","₹7,499"
"SAMSUNG Galaxy F14 5G (OMG Black, 128 GB)","₹10,490"
"SAMSUNG Galaxy F15 5G (Ash Black, 128 GB)","₹14,499"
"I Kall Z19Pro Ultra (champagne, 128 GB)","₹7,590"
"vivo Y16 (Steller Black, 128 GB)","₹16,999"
"itel S23 with Dual Sim| 50MP Rear Camera| 5000mAh Battery|Expandable Upto 1 TB (Starry Black, 128 GB)","₹6,499"
"vivo V30 5G (Classic Black, 128 GB)","₹33,999"
"REDMI 13C (Starfrost White, 128 GB)","₹7,699"
"SAMSUNG Galaxy F15 5G (Ash Black, 128 GB)","₹12,999"
"vivo V30 5G (Peacock Green, 128 GB)","₹33,999"
"POCO C50 (Royal Blue, 32 GB)","₹6,499"
"Xiaomi 14 Ultra (White, 512 GB)","₹99,999"
"SAMSUNG Galaxy F15 5G (Groovy Violet, 128 GB)","₹12,999"
"REDMI Note 12 (Sunrise Gold, 64 GB)","₹10,499"
"Tecno Spark 20 (Cyber White, 128 GB)","₹9,699"
"itel S23 with Dual Sim| 50MP Rear Camera| 5000mAh Battery|Expandable Upto 1 TB (Sky Blue, 128 GB)","₹6,785"
Jio PRIMA 4G,"₹2,870"
"REDMI 12 5G (Jade Black, 128 GB)","₹11,999"
"SAMSUNG Galaxy A15 5G (Blue Black, 128 GB)","₹19,499"
"REDMI A3 (Lake Blue, 64 GB)","₹8,490"
"realme 11 5G (Glory Gold, 128 GB)","₹18,999"
"SAMSUNG Galaxy F15 5G (Jazzy Green, 128 GB)","₹14,499"
"SAMSUNG Galaxy F54 5G (Stardust Silver, 256 GB)","₹22,999"
SAMSUNG 1215,"₹1,302"
"vivo V30 5G (Andaman Blue, 128 GB)","₹33,999"
Nokia 105 DS 2020,"₹1,048"
"SAMSUNG Galaxy A73 5G (Awesome Mint, 128 GB)","₹41,999"
"REDMI 13C (Starfrost White, 128 GB)","₹7,699"
"SAMSUNG Galaxy F15 5G (Ash Black, 128 GB)","₹12,999"
LAVA A1 Vibe,"₹1,145"
"SAMSUNG Galaxy M34 5G without charger (Prism Silver, 128 GB)","₹17,999"
"Xiaomi 14 Ultra (White, 512 GB)","₹99,999"
"SAMSUNG Galaxy F15 5G (Groovy Violet, 128 GB)","₹12,999"
Nokia 2660 DS 4G Flip,"₹4,999"
Kechaoda A27,₹968
"REDMI 12 5G (Moonstone Silver, 256 GB)","₹14,723"
"Apple iPhone 14 ((PRODUCT)RED, 128 GB)","₹58,999"
"REDMI 12 5G (Jade Black, 128 GB)","₹11,999"
"SAMSUNG Galaxy A15 5G (Blue Black, 128 GB)","₹19,499"
KARBONN K140 Pop,₹899
"Tecno Spark 20 (Gravity Black, 128 GB)","₹9,699"
"SAMSUNG Galaxy F15 5G (Jazzy Green, 128 GB)","₹14,499"
"SAMSUNG Galaxy F54 5G (Stardust Silver, 256 GB)","₹22,999"
Micromax X412,₹899
"SAMSUNG Galaxy M04 (Dark Blue, 128 GB)","₹8,799"
"SAMSUNG Galaxy M04 (Light Green, 128 GB)","₹8,799"
"OPPO A59 5G (Silk Gold, 128 GB)","₹13,999"
"SAMSUNG Galaxy F14 5G (OMG Black, 128 GB)","₹10,490"
"SAMSUNG Galaxy F15 5G (Ash Black, 128 GB)","₹14,499"
"Apple iPhone 14 Plus (Yellow, 128 GB)","₹65,999"
"Nokia 225 4G DS Keypad Mobile with Long Battery Life,Built-in Camera","₹3,839"
"REDMI 13C (Starfrost White, 128 GB)","₹7,699"
"SAMSUNG Galaxy F15 5G (Ash Black, 128 GB)","₹12,999"
"Google Pixel 7a (Sea, 128 GB)","₹37,999"
LAVA A1 vibe,"₹1,087"
"Tecno Spark 10 Pro (Pearl White, 128 GB)","₹10,499"
KARBONN K9 Yuva,"₹1,223"
"Xiaomi 14 Ultra (White, 512 GB)","₹99,999"
"SAMSUNG Galaxy F15 5G (Groovy Violet, 128 GB)","₹12,999"
"Nokia 150 Dual Sim Keypad Mobile,Wireless FM radio, Bluetooth, MP3 player","₹2,990"
"Samsung Galaxy S21 FE 5G with Snapdragon 888 (Olive, 256 GB)","₹33,999"
"REDMI 12 5G (Jade Black, 128 GB)","₹11,999"
"SAMSUNG Galaxy A15 5G (Blue Black, 128 GB)","₹19,499"
Kechaoda K10,₹986
"vivo V30 5G (Andaman Blue, 256 GB)","₹35,999"
KARBONN K140 Pop,₹899
KARBONN KX3 STAR,₹995
"SAMSUNG Galaxy F15 5G (Jazzy Green, 128 GB)","₹14,499"
"SAMSUNG Galaxy F54 5G (Stardust Silver, 256 GB)","₹22,999"
Kechaoda K28,"₹1,240"
"realme Narzo N55 (Prime Black, 64 GB)","₹9,898"
"SAMSUNG Galaxy F14 5G (OMG Black, 128 GB)","₹10,490"
"SAMSUNG Galaxy F15 5G (Ash Black, 128 GB)","₹14,499"
"OPPO A17 (Lake Blue, 64 GB)","₹9,999"
"itel P40 (Luxurious Gold, 32 GB)","₹5,499"
DIZO Star 500,"₹1,390"
KARBONN KX3 STAR,₹995
"REDMI 13C (Starfrost White, 128 GB)","₹7,699"
"SAMSUNG Galaxy F15 5G (Ash Black, 128 GB)","₹12,999"
"Apple iPhone 15 (Green, 256 GB)","₹75,999"
"REDMI Note 13 5G (Prism Gold, 256 GB)","₹19,999"
"Xiaomi 14 Ultra (White, 512 GB)","₹99,999"
"SAMSUNG Galaxy F15 5G (Groovy Violet, 128 GB)","₹12,999"
"REDMI 12C (Matte Black, 128 GB)","₹7,700"
"itel A05s (Nebula Black, 64 GB)","₹5,997"
"OPPO A18 (Glowing Black, 64 GB)","₹8,999"
"vivo Y16 (Drizzling Gold, 64 GB)","₹10,299"
"REDMI 12 5G (Jade Black, 128 GB)","₹11,999"
"SAMSUNG Galaxy A15 5G (Blue Black, 128 GB)","₹19,499"
SAMSUNG Metro 313,"₹1,789"
"vivo Y02t (Sunset Gold, 64 GB)","₹7,499"
"SAMSUNG Galaxy F15 5G (Jazzy Green, 128 GB)","₹14,499"
"SAMSUNG Galaxy F54 5G (Stardust Silver, 256 GB)","₹22,999"
"SAMSUNG Galaxy S22 5G (Phantom Black, 128 GB)","₹36,999"
"REDMI 11 Prime (Playful Green, 128 GB)","₹8,999"
"Micromax Infinity N12 (Red Velvet, 32 GB)","₹14,999"
"itel S23+ (Elemental Blue, 256 GB)","₹14,999"
"SAMSUNG Galaxy F14 5G (OMG Black, 128 GB)","₹10,490"
"SAMSUNG Galaxy S23 Ultra 5G (Green, 256 GB)","₹92,999"
"REDMI Note 13 Pro+ 5G (Fusion White, 512 GB)","₹35,999"
"REDMI A2 (Sea Green, 64 GB)","₹7,190"
"REDMI 13C (Starfrost White, 128 GB)","₹7,699"
"SAMSUNG Galaxy F15 5G (Ash Black, 128 GB)","₹12,999"
HOTLINE CLASSIC 312i,₹570
HOTLINE CLASSIC 312i,₹570
"Apple iPhone 14 Plus (Purple, 128 GB)","₹65,999"
itel it2163S,₹967
"Xiaomi 14 Ultra (White, 512 GB)","₹99,999"
"SAMSUNG Galaxy F15 5G (Groovy Violet, 128 GB)","₹12,999"
"REDMI A3 (Midnight Black, 128 GB)","₹8,999"
"SAMSUNG Galaxy S22 5G (Green, 128 GB)","₹36,999"
"REDMI 12 5G (Jade Black, 128 GB)","₹11,999"
"SAMSUNG Galaxy A15 5G (Blue Black, 128 GB)","₹19,499"
"realme C67 5G (Dark Purple, 128 GB)","₹14,999"
"realme C67 5G (Sunny Oasis, 128 GB)","₹14,999"
Micromax X512,"₹1,155"
Nokia 106,"₹1,549"
"SAMSUNG Galaxy F15 5G (Jazzy Green, 128 GB)","₹14,499"
"SAMSUNG Galaxy F54 5G (Stardust Silver, 256 GB)","₹22,999"
"Nokia 3310 Dual SIM Keypad Mobile with MP3 Player, FM Radio & Rear Camera","₹3,898"
Jio JB162W1,"₹1,149"
"SAMSUNG Galaxy F14 5G (OMG Black, 128 GB)","₹10,490"
"SAMSUNG Galaxy F15 5G (Ash Black, 128 GB)","₹14,499"
Kechaoda K28,"₹1,240"
LAVA A1 Vibe,₹899
"REDMI A3 (Midnight Black, 128 GB)","₹8,999"
"LAVA Yuva 3 with Dual Sim|5000 mAh Battery|13MP Rear Camera |Expandable Upto 512 GB (Eclipse Black, 12...","₹7,575"
"REDMI 13C (Starfrost White, 128 GB)","₹7,699"
"SAMSUNG Galaxy F15 5G (Ash Black, 128 GB)","₹12,999"
"REDMI Note 13 5G (Prism Gold, 128 GB)","₹17,999"
"Apple iPhone 14 Plus (Purple, 128 GB)","₹65,999"
"Xiaomi 14 Ultra (White, 512 GB)","₹99,999"
"SAMSUNG Galaxy F15 5G (Groovy Violet, 128 GB)","₹12,999"
"vivo T2 5G (Velocity Wave, 128 GB)","₹17,999"
Micromax X818,"₹1,595"
Kechaoda K10,"₹1,025"
"Samsung Galaxy S21 FE 5G with Snapdragon 888 (Olive, 256 GB)","₹33,999"
"REDMI 12 5G (Jade Black, 128 GB)","₹11,999"
"SAMSUNG Galaxy A15 5G (Blue Black, 128 GB)","₹19,499"
Kechaoda K10,₹955
LAVA A3 Power,"₹1,499"
"SAMSUNG Galaxy F15 5G (Jazzy Green, 128 GB)","₹14,499"
"SAMSUNG Galaxy F54 5G (Stardust Silver, 256 GB)","₹22,999"
"itel P40 (Luxurious Gold, 32 GB)","₹5,499"
"Apple iPhone 15 (Yellow, 256 GB)","₹75,999"
"Apple iPhone 12 (Black, 64 GB)","₹42,999"
"SAMSUNG Galaxy A14 5G (Black, 128 GB)","₹15,999"
"REDMI 13C (Starfrost White, 128 GB)","₹7,699"
"SAMSUNG Galaxy F15 5G (Ash Black, 128 GB)","₹12,999"
"realme 11 5G (Glory Gold, 256 GB)","₹19,999"
"itel A70 (Starlish Black, 256 GB)","₹7,457"
"Xiaomi 14 Ultra (White, 512 GB)","₹99,999"
"SAMSUNG Galaxy F15 5G (Groovy Violet, 128 GB)","₹12,999"
"itel A70 | 5000 mAh Battery |13MP Dual Rear Camera | Type C Charging (Azure Blue, 64 GB)","₹6,299"
Kechaoda K66 The Music House 4,"₹1,150"
"itel P40 (Dreamy Blue, 32 GB)","₹5,499"
"SAMSUNG Galaxy S22 5G (Green, 128 GB)","₹36,999"
"REDMI 12 5G (Jade Black, 128 GB)","₹11,999"
"SAMSUNG Galaxy A15 5G (Blue Black, 128 GB)","₹19,499"
Micromax X512,"₹1,155"
Nokia 106,"₹1,549"
"SAMSUNG Galaxy F15 5G (Jazzy Green, 128 GB)","₹14,499"
"SAMSUNG Galaxy F54 5G (Stardust Silver, 256 GB)","₹22,999"
"REDMI 13C (Starshine Green, 128 GB)","₹8,929"
"Nokia 2660 Flip 4G Volte Blue keypad Mobile with Dual Sim & Screen, MP3 Player","₹4,987"
itel it2163S,₹981
HOTLINE CLASSIC 312i,₹570
"SAMSUNG Galaxy F14 5G (OMG Black, 128 GB)","₹10,490"
"SAMSUNG Galaxy S23 Ultra 5G (Green, 256 GB)","₹92,999"
KARBONN K110i,₹899
itel Circle 1,"₹1,490"
"REDMI 13C (Starfrost White, 128 GB)","₹7,699"
"SAMSUNG Galaxy F15 5G (Ash Black, 128 GB)","₹12,999"
MTR Ferrari,"₹1,350"
"REDMI Note 13 Pro 5G (Midnight Black, 128 GB)","₹25,999"
MTR FERRARI,"₹1,350"
MTR Ferrari,"₹1,350"
"Xiaomi 14 Ultra (White, 512 GB)","₹99,999"
"SAMSUNG Galaxy F15 5G (Groovy Violet, 128 GB)","₹12,999"
"REDMI Note 11S (Horizon Blue, 128 GB)","₹13,490"
"itel A70 (Field Green, 256 GB)","₹7,490"
"REDMI 12 5G (Jade Black, 128 GB)","₹11,999"
"SAMSUNG Galaxy A15 5G (Blue Black, 128 GB)","₹19,499"
"itel S23 (Mystery White, 128 GB)","₹6,499"
"itel Aura 05i|Leather Finish|4000 Mah Battery|Type C Charging Support (Glorious Orange, 32 GB)","₹5,499"
"vivo V29e 5G (Artistic Red, 256 GB)","₹27,368"
"LAVA Yuva 3 with Dual Sim|5000 mAh Battery|13MP Rear Camera |Expandable Upto 512 GB (Eclipse Black, 64...","₹7,345"
"SAMSUNG Galaxy F15 5G (Jazzy Green, 128 GB)","₹14,499"
"SAMSUNG Galaxy F54 5G (Stardust Silver, 256 GB)","₹22,999"
"REDMI A3 (Lake Blue, 128 GB)","₹8,599"
"REDMI 12C (Lavender Purple, 64 GB)","₹8,299"
"SAMSUNG Galaxy F14 5G (OMG Black, 128 GB)","₹10,490"
"SAMSUNG Galaxy F15 5G (Ash Black, 128 GB)","₹14,499"
"vivo Y02t (Cosmic Grey, 64 GB)","₹8,725"
"OPPO A79 5G (Glowing Green, 128 GB)","₹17,499"
"REDMI 13C (Starshine Green, 128 GB)","₹8,929"
itel Power 450 | 2.4 inch Big Display | 2500 mAh Battery | Type C Charging,"₹1,445"
"REDMI 13C (Starfrost White, 128 GB)","₹7,699"
"SAMSUNG Galaxy F15 5G (Ash Black, 128 GB)","₹12,999"
"XOLO Era 4x (Black, 16 GB)","₹7,199"
ringme R1Pro 312c,₹650
"Xiaomi 14 Ultra (White, 512 GB)","₹99,999"
"SAMSUNG Galaxy F15 5G (Groovy Violet, 128 GB)","₹12,999"
Nokia 105 Classic without Charger,"₹1,149"
"SAMSUNG Galaxy A15 5G (Blue Black, 128 GB)","₹19,499"
"Infinix Zero 30 5G (Golden Hour, 256 GB)","₹21,999"
"REDMI Note 13 Pro+ 5G (Fusion Purple, 256 GB)","₹31,999"
"REDMI 12 5G (Jade Black, 128 GB)","₹11,999"
"SAMSUNG Galaxy F15 5G (Jazzy Green, 128 GB)","₹14,499"
KARBONN BHARAT K1 4G,"₹1,208"
itel MagicX Play 4G| 1900 mAh battery| Expandable Storage upto 64GB,"₹1,369"
"SAMSUNG Galaxy F54 5G (Stardust Silver, 256 GB)","₹22,999"
"SAMSUNG Galaxy F14 5G (OMG Black, 128 GB)","₹10,490"
"REDMI Note 12 5G (Matte Black, 128 GB)","₹14,999"
"itel A70 (Field Green, 256 GB)","₹7,490"
"I Kall K-510 (Golden, 32 GB)","₹4,499"
LAVA Gem Power 22,"₹1,680"
"SAMSUNG Galaxy F15 5G (Ash Black, 128 GB)","₹14,499"
"SAMSUNG Galaxy S23 Ultra 5G (Green, 256 GB)","₹92,999"
LAVA A3 Power,"₹1,299"
"realme C67 5G (Dark Purple, 128 GB)","₹13,999"
"REDMI 13C (Starfrost White, 128 GB)","₹7,699"
"SAMSUNG Galaxy F15 5G (Ash Black, 128 GB)","₹12,999"
"realme C67 5G (Sunny Oasis, 128 GB)","₹13,999"
"SAMSUNG Galaxy M04 (Light Green, 64 GB)","₹11,999"
"REDMI 10 (Midnight Black, 64 GB)","₹10,999"
"itel P40 (Luxurious Gold, 64 GB)","₹6,299"
"Xiaomi 14 Ultra (White, 512 GB)","₹99,999"
"SAMSUNG Galaxy F15 5G (Groovy Violet, 128 GB)","₹12,999"
"itel Aura 05i|Leather Finish|4000 Mah Battery|Type C Charging Support (Meadow Green, 32 GB)","₹5,389"
itel Power 450 | 2.4 inch Big Display | 2500 mAh Battery | Type C Charging,"₹1,435"
"REDMI 12 5G (Jade Black, 128 GB)","₹11,999"
"SAMSUNG Galaxy A15 5G (Blue Black, 128 GB)","₹19,499"
"REDMI Note 13 Pro+ 5G (Fusion Black, 256 GB)","₹31,999"
"LAVA Blaze (Glass Red, 64 GB)","₹8,999"
GFive Z9,₹664
Snexian Bold V1,"₹2,500"
"SAMSUNG Galaxy F15 5G (Jazzy Green, 128 GB)","₹14,499"
"SAMSUNG Galaxy F54 5G (Stardust Silver, 256 GB)","₹22,999"
"POCO M3 (Power Black, 64 GB)","₹9,498"
Nokia 105 Classic without Charger,"₹1,149"
"SAMSUNG Galaxy F14 5G (OMG Black, 128 GB)","₹10,490"
"SAMSUNG Galaxy F15 5G (Ash Black, 128 GB)","₹14,499"
Micromax X743,"₹1,199"
"REDMI Note 12 5G (Matte Black, 128 GB)","₹14,999"
"XOLO Era 4x (Gold, 16 GB)","₹6,199"
"Apple iPhone 15 Plus (Green, 128 GB)","₹75,999"
"REDMI 13C (Starfrost White, 128 GB)","₹7,699"
"SAMSUNG Galaxy F15 5G (Ash Black, 128 GB)","₹12,999"
itel SG200 Keypad Phone with 1200mAh Battery 1.3 MP Camera 1.8 inch Display UPI Pay,"₹1,169"
itel SG200 Keypad Phone with 1200mAh Battery 1.3 MP Camera 1.8 inch Display UPI Pay,"₹1,170"
"Xiaomi 14 Ultra (White, 512 GB)","₹99,999"
"SAMSUNG Galaxy F15 5G (Groovy Violet, 128 GB)","₹12,999"
ringme R1Pro 312c,₹650
"SAMSUNG Galaxy S23 FE (Graphite, 256 GB)","₹59,999"
Kechaoda K33,"₹1,064"
LAVA A5 Blue silver S,"₹1,334"
"REDMI 12 5G (Jade Black, 128 GB)","₹11,999"
"SAMSUNG Galaxy A15 5G (Blue Black, 128 GB)","₹19,499"
Kechaoda K115,"₹1,099"
"SAMSUNG Galaxy M34 5G without charger (Midnight Blue, 128 GB)","₹16,499"
"SAMSUNG Galaxy F15 5G (Jazzy Green, 128 GB)","₹14,499"
"SAMSUNG Galaxy F54 5G (Stardust Silver, 256 GB)","₹22,999"
LAVA A1 Josh Bol,"₹1,090"
"REDMI A2 (Sea Green, 64 GB)","₹7,190"
"SAMSUNG Galaxy A05 (Silver, 64 GB)","₹8,990"
Kechaoda K115,"₹1,199"
"REDMI 13C (Starfrost White, 128 GB)","₹7,699"
"SAMSUNG Galaxy F15 5G (Ash Black, 128 GB)","₹12,999"
KARBONN Y1,₹935
Good One G115,₹999
"Xiaomi 14 Ultra (White, 512 GB)","₹99,999"
"SAMSUNG Galaxy F15 5G (Groovy Violet, 128 GB)","₹12,999"
"REDMI Note 13 Pro+ 5G (Fusion Black, 256 GB)","₹30,499"
"OnePlus 12R (Cool Blue, 256 GB)","₹41,248"
"SAMSUNG Galaxy M14 4G (Sapphire Blue, 64 GB)","₹9,299"
"OPPO F25 Pro 5G (Lava Red, 256 GB)","₹25,999"
"REDMI 12 5G (Jade Black, 128 GB)","₹11,999"
"SAMSUNG Galaxy A15 5G (Blue Black, 128 GB)","₹19,499"
"LAVA Yuva 3Pro (Meadow Purple, 128 GB)","₹8,899"
"itel P40 (Force Black, 128 GB)","₹6,650"
"SAMSUNG Galaxy F15 5G (Jazzy Green, 128 GB)","₹14,499"
"SAMSUNG Galaxy F54 5G (Stardust Silver, 256 GB)","₹22,999"
"LAVA Z2 (Aqua Blue, 32 GB)","₹7,999"
IAIR D7 MINI Dual Sim Keypad Phone With Jazz Wired Earphone| 1.8 Inch Big Display,₹849
"realme GT NEO 3 (150W) (Nitro Blue, 256 GB)","₹22,999"
"itel P55T (Astral Purple, 128 GB)","₹9,999"
"SAMSUNG Galaxy F14 5G (OMG Black, 128 GB)","₹10,490"
"SAMSUNG Galaxy S23 Ultra 5G (Green, 256 GB)","₹92,999"
"Apple iPhone 14 Plus (Blue, 128 GB)","₹65,999"
KARBONN K9,"₹1,269"
"REDMI 13C (Starfrost White, 128 GB)","₹7,699"
"SAMSUNG Galaxy F15 5G (Ash Black, 128 GB)","₹12,999"
"realme GT NEO 3 (150W) (Nitro Blue, 256 GB)","₹22,999"
itel Ace2 lite Keypad Mobile| 1000 mAh Battery|Expandable Storage 32GB,₹898
Kechaoda A26,₹960
KARBONN K531,"₹1,320"
"Xiaomi 14 Ultra (White, 512 GB)","₹99,999"
"SAMSUNG Galaxy F15 5G (Groovy Violet, 128 GB)","₹12,999"
KARBONN K531,"₹1,321"
"REDMI Note 13 5G (Stealth Black, 128 GB)","₹16,840"
"REDMI 12 5G (Jade Black, 128 GB)","₹11,999"
"SAMSUNG Galaxy A15 5G (Blue Black, 128 GB)","₹19,499"
"REDMI 11 Prime (Playful Green, 64 GB)","₹8,990"
"OPPO A18 (Glowing Blue, 64 GB)","₹8,999"
"REDMI 10 (Midnight Black, 64 GB)","₹10,490"
Micromax X778,"₹1,464"
"SAMSUNG Galaxy F15 5G (Jazzy Green, 128 GB)","₹14,499"
"SAMSUNG Galaxy F54 5G (Stardust Silver, 256 GB)","₹22,999"
"OPPO A17k (Navy Blue, 64 GB)","₹8,499"
"LAVA YUVA 2 PRO (LAVENDER, 64 GB)","₹7,319"
"SAMSUNG Galaxy F14 5G (OMG Black, 128 GB)","₹10,490"
"SAMSUNG Galaxy F15 5G (Ash Black, 128 GB)","₹14,499"
Good One G115,₹999
Kechaoda K28,"₹1,275"
Kechaoda K55,"₹1,110"
"IQOO Neo9 Pro (Conqueror Black, 256 GB)","₹39,900"
"REDMI 13C (Starfrost White, 128 GB)","₹7,699"
"SAMSUNG Galaxy F15 5G (Ash Black, 128 GB)","₹12,999"
Kechaoda K66 The Music House 4,"₹1,150"
"Nokia C32 (Beach Pink, 128 GB)","₹7,489"
"SAMSUNG Galaxy A15 5G (Blue Black, 128 GB)","₹19,499"
"Xiaomi 14 Ultra (White, 512 GB)","₹99,999"
Micromax S117,₹988
Kechaoda K28,"₹1,275"
"SAMSUNG Galaxy S23 FE (Graphite, 128 GB)","₹54,999"
Nokia TA-1174 / TA-1299,"₹1,192"
"SAMSUNG Galaxy F15 5G (Groovy Violet, 128 GB)","₹12,999"
"REDMI 12 5G (Jade Black, 128 GB)","₹11,999"
"POCO M3 (Power Black, 64 GB)","₹9,498"
"itel P40 (Dreamy Blue, 128 GB)","₹6,699"
"SAMSUNG Galaxy F15 5G (Jazzy Green, 128 GB)","₹14,499"
"SAMSUNG Galaxy F54 5G (Stardust Silver, 256 GB)","₹22,999"
"SAMSUNG Galaxy A05 (Silver, 64 GB)","₹8,990"
"SAMSUNG Galaxy M34 5G (Waterfall Blue, 128 GB)","₹16,749"
"Apple iPhone 15 Plus (Pink, 128 GB)","₹75,999"
Snexian GURU 2163,₹565
"SAMSUNG Galaxy F14 5G (OMG Black, 128 GB)","₹10,490"
"SAMSUNG Galaxy S23 Ultra 5G (Green, 256 GB)","₹92,999"
"SAMSUNG Galaxy A04s (Black, 128 GB)","₹11,990"
"SAMSUNG Galaxy F23 5G (Aqua Blue, 128 GB)","₹17,499"
"REDMI 13C (Starfrost White, 128 GB)","₹7,699"
"SAMSUNG Galaxy F15 5G (Ash Black, 128 GB)","₹12,999"
"itel P55 5G |50MP Dual Rear Camera|5000mAh Battery|Expandable Upto 1 TB (Mint Green, 64 GB)","₹9,495"
"REDMI Note 12 5G (Sunrise Gold, 128 GB)","₹16,499"
"REDMI A3 (Lake Blue, 64 GB)","₹7,299"
SAMSUNG Metro 313 Dual Sim,"₹99,999"
"Xiaomi 14 Ultra (White, 512 GB)","₹12,999"
"SAMSUNG Galaxy F15 5G (Groovy Violet, 128 GB)","₹75,999"
"Apple iPhone 14 Plus (Yellow, 256 GB)","₹1,069"
Kechaoda K33,"₹11,999"
"REDMI 12 5G (Jade Black, 128 GB)","₹19,499"
"SAMSUNG Galaxy A15 5G (Blue Black, 128 GB)","₹9,904"
"REDMI 12 (Pastel Blue, 128 GB)","₹5,916"
"REDMI A2 (Sea Green, 64 GB)","₹1,060"
Kechaoda K33,"₹1,055"
Kechaoda K33,"₹14,499"
"SAMSUNG Galaxy F15 5G (Jazzy Green, 128 GB)","₹22,999"
"SAMSUNG Galaxy F54 5G (Stardust Silver, 256 GB)","₹7,958"
"LAVA Blaze 2 (Glass Black, 128 GB)",₹849
itel Ace2 Heera | King Talker | Auto Call Recording | Expendable Storage32GB,"₹10,490"
"SAMSUNG Galaxy F14 5G (OMG Black, 128 GB)","₹14,499"
"SAMSUNG Galaxy A35 5G (Awesome Iceblue, 128 GB)","₹30,500"
"Apple iPhone 11 Pro (Space Grey, 64 GB)","₹1,06,600"
"Nokia 8210 4G Volte keypad Phone with Dual SIM, Big Display, MP3 Player","₹3,999"
I Kall K3310,₹879
"REDMI 13C (Starfrost White, 128 GB)","₹7,699"
"SAMSUNG Galaxy F15 5G (Ash Black, 128 GB)","₹12,999"
"vivo Y27 (Garden Green, 128 GB)","₹11,999"
"Nokia C32 (Beach pink, 128 GB)","₹7,799"
"Xiaomi 14 Ultra (White, 512 GB)","₹99,999"
"SAMSUNG Galaxy F15 5G (Groovy Violet, 128 GB)","₹12,999"
"Tecno Pova 5 Pro 5G (Silver Fantasy, 256 GB)","₹15,999"
"Nokia 8210 4G Volte keypad Phone with Dual SIM, Big Display, MP3 Player","₹3,999"
"SAMSUNG Galaxy A05s (Black, 128 GB)","₹12,999"
"REDMI 12 5G (Jade Black, 256 GB)","₹14,799"
"REDMI 12 5G (Jade Black, 128 GB)","₹11,999"
"SAMSUNG Galaxy A15 5G (Blue Black, 128 GB)","₹19,499"
"POCO C55 (Power Black, 64 GB)","₹9,499"
"Micromax Spark Go (Rose Gold, 8 GB)","₹4,999"
"SAMSUNG Galaxy F15 5G (Jazzy Green, 128 GB)","₹14,499"
"SAMSUNG Galaxy F54 5G (Stardust Silver, 256 GB)","₹22,999"
"Tecno Pova 5 Pro 5G (Dark Illusion, 128 GB)","₹14,999"
KARBONN K110i,₹919
Kechaoda K66 The Music House 4,"₹1,150"
"REDMI A1+ (Light Blue, 32 GB)","₹7,499"
"REDMI 13C (Starfrost White, 128 GB)","₹7,699"
"SAMSUNG Galaxy F15 5G (Ash Black, 128 GB)","₹12,999"
"IQOO neo 7 pro (Fearless Flame, 128 GB)","₹32,931"
"itel P55 5G |50MP Dual Rear Camera|5000mAh Battery|Expandable Upto 1 TB (Galaxy Blue, 64 GB)","₹9,495"
"Xiaomi 14 Ultra (White, 512 GB)","₹99,999"
"SAMSUNG Galaxy F15 5G (Groovy Violet, 128 GB)","₹12,999"
itel Power 120 | 2 inch Big Display | 2500 mAh Battery | Kingvoice,"₹1,475"
SAMSUNG Metro 313,"₹2,099"
"Apple iPhone 14 Plus ((PRODUCT)RED, 512 GB)","₹95,999"
"LAVA Blaze Pro 5G with Dual Sim|50MP Rear Camera|5000 mAh Battery|Expandable Upto 1TB (Radiant Pearl, ...","₹12,466"
"REDMI 12 5G (Jade Black, 128 GB)","₹11,999"
"SAMSUNG Galaxy A15 5G (Blue Black, 128 GB)","₹19,499"
"REDMI A2 (Aqua Blue, 64 GB)","₹5,950"
Kechaoda A26,₹939
"SAMSUNG Galaxy F15 5G (Jazzy Green, 128 GB)","₹14,499"
"SAMSUNG Galaxy F54 5G (Stardust Silver, 256 GB)","₹22,999"
IAIR D7 MINI Dual Sim Keypad Phone With Jazz Wired Earphone| 1.8 Inch Big Display,₹849
"itel A60s (Shadow Black, 64 GB)","₹6,590"
"SAMSUNG Galaxy M34 5G (Waterfall Blue, 128 GB)","₹18,480"
"SAMSUNG Galaxy A15 5G (Blue, 256 GB)","₹22,499"
"SAMSUNG Galaxy F14 5G (OMG Black, 128 GB)","₹10,490"
"SAMSUNG Galaxy F15 5G (Ash Black, 128 GB)","₹14,499"
"itel A60s (Glacier Green, 64 GB)","₹6,590"
"SAMSUNG Galaxy S23 5G (Lavender, 256 GB)","₹69,999"
"REDMI 13C (Starfrost White, 128 GB)","₹7,699"
"SAMSUNG Galaxy F15 5G (Ash Black, 128 GB)","₹12,999"
Micromax S116,₹889
Micromax S116,₹889
"itel A23s (Morandi Green, 32 GB)","₹4,599"
"itel A70 (Starlish Black, 128 GB)","₹7,990"
"Xiaomi 14 Ultra (White, 512 GB)","₹99,999"
"SAMSUNG Galaxy F15 5G (Groovy Violet, 128 GB)","₹12,999"
"vivo Y28 5G (Glitter Aqua, 128 GB)","₹16,999"
"vivo Y28 5G (Crystal Purple, 128 GB)","₹16,999"
"REDMI 12 5G (Jade Black, 128 GB)","₹11,999"
"SAMSUNG Galaxy A15 5G (Blue Black, 128 GB)","₹19,499"
"REDMI 12C (Matte Black, 64 GB)","₹7,999"
"Tecno Camon20 Predawn 64MP Rear Camera (Predawn Black, 256 GB)","₹12,999"
"REDMI Note 11S (Horizon Blue, 128 GB)","₹19,999"
Kechaoda K103,"₹1,245"
"SAMSUNG Galaxy F15 5G (Jazzy Green, 128 GB)","₹14,499"
"SAMSUNG Galaxy F54 5G (Stardust Silver, 256 GB)","₹22,999"
IAIR D41 PRO Dual Sim Keypad Phone | 2800 mAH Battery & Big 1.8 Inch Display,₹849
"Samsung Galaxy S21 FE 5G with Snapdragon 888 (Graphite, 256 GB)","₹33,999"
"SAMSUNG Galaxy F14 5G (OMG Black, 128 GB)","₹10,490"
"SAMSUNG Galaxy S23 Ultra 5G (Green, 256 GB)","₹92,999"
"OPPO Reno11 5G (Rock Grey, 256 GB)","₹29,999"
KARBONN Kphone1,"₹1,309"
